region_code,parent_code
500007,0
500009,0
500010,0
500011,0
500012,0
500013,0
500014,0
500015,0
500016,0
500017,0
500018,0
500019,0
500020,0
500021,0
500022,0
500023,0
510008,500007
510009,500007
510010,500007
510011,500007
510012,500007
510013,500007
510014,500007
510015,500007
510016,500007
510017,500007
510018,500007
510019,500007
510020,500007
510021,500007
510022,500007
510023,500007
510024,500007
510025,500007
510026,500007
510027,500007
510028,500007
510029,500007
510030,500007
510031,500007
510032,500007
510034,530500
510035,530500
510036,530500
510037,530500
510038,530500
510039,530500
510040,530500
510041,530500
510042,530500
510043,530500
510044,530500
510045,530500
510046,530500
510047,530500
510048,530500
510049,530500
510051,500009
510052,500009
510053,500009
510054,500009
510055,500009
510056,500009
510057,500009
510058,500009
510059,500009
510061,500010
510062,500010
510063,500010
510064,500010
510065,500010
510066,500010
510067,500010
510068,500010
510069,500010
510070,500010
510071,500010
510073,500011
510074,500011
510075,500011
510076,500011
510077,500011
510079,500012
510080,500012
510081,500012
510082,500012
510083,500012
510085,500013
510086,500013
510087,500013
510088,500013
510089,500013
510093,500015
510094,500015
510095,500015
510096,500015
510097,500015
510098,500015
510099,500015
510100,500015
510101,500015
510102,500015
510103,500015
510104,500015
510105,500015
510106,500015
510107,500015
510108,500015
510109,500015
510110,500015
510111,500015
510112,500015
510113,500015
510114,500015
510115,500015
510116,500015
510117,500015
510118,500015
510119,500015
510120,500015
510121,500015
510122,500015
510123,500015
510124,500015
510125,500015
510127,500016
510128,500016
510129,500016
510130,500016
510131,500016
510132,500016
510133,500016
510134,500016
510135,500016
510136,500016
510137,500016
510138,500016
510139,500016
510140,500016
510141,500016
510142,500016
510143,500016
510144,500016
510145,500016
510146,500016
510148,500017
510149,500017
510150,500017
510151,500017
510152,500017
510153,500017
510154,500017
510155,500017
510156,500017
510157,500017
510158,500017
510159,500017
510160,500017
510162,500018
510163,500018
510164,500018
510165,500018
510166,500018
510167,500018
510168,500018
510169,500018
510170,500018
510171,500018
510172,500018
510173,500018
510174,500018
510175,500018
510176,500018
510177,500018
510178,500018
510180,500019
510181,500019
510182,500019
510183,500019
510184,500019
510185,500019
510186,500019
510187,500019
510188,500019
510189,500019
510190,500019
510191,500019
510192,500019
510193,500019
510194,500019
510195,500019
510197,500020
510198,500020
510199,500020
510200,500020
510201,500020
510202,500020
510203,500020
510204,500020
510205,500020
510206,500020
510207,500020
510208,500020
510209,500020
510210,500020
510211,500020
510212,500020
510213,500020
510214,500020
510215,500020
510216,500020
510217,500020
510218,500020
510219,500020
510220,500020
510222,500021
510223,500021
510224,500021
510225,500021
510226,500021
510227,500021
510228,500021
510229,500021
510230,500021
510231,500021
510232,500021
510233,500021
510235,500021
510236,500021
510237,500021
510238,500021
510239,500021
510240,500021
510241,500021
510242,500021
510243,500021
510244,500021
510245,500021
510246,500021
510248,500022
510249,500022
510250,500022
510251,500022
510252,500022
510253,500022
510254,500022
510255,500022
510256,500022
510257,500022
510258,500022
510259,500022
510260,500022
510261,500022
510262,500022
510263,500022
510264,500022
510265,500022
510266,500022
510267,500022
510269,500023
510270,500023
510271,500023
520096,510095
520097,510095
520098,510095
520099,510095
520101,510096
520102,510096
520103,510096
520106,510098
520107,510098
520109,510099
520110,510099
520111,510099
520116,510103
520117,510103
520119,510104
520120,510104
520121,510104
520131,510113
520132,510113
520133,510113
520171,510150
520172,510150
520173,510150
520174,510150
520189,510164
520190,510164
520209,510182
520210,510182
520253,510224
520254,510224
520281,510250
520282,510250
520283,510250
520284,510250
520285,510250
530009,510008
530010,510008
530011,510008
530012,510008
530013,510008
530014,510008
530015,510008
530016,510008
530017,510008
530018,510008
530019,510008
530020,510008
530021,510008
530022,510008
530023,510008
530024,510008
530025,510008
530026,510008
530027,510008
530028,510008
530029,510008
530030,510008
530031,510008
530032,510008
530033,510008
530034,510008
530035,510008
530036,510008
530037,510008
530038,510008
530039,510008
530040,510008
530041,510008
530042,510008
530043,510008
530044,510008
530045,510008
530046,510008
530047,510008
530048,510008
530049,510008
530050,510008
530051,510008
530052,510008
530053,510008
530054,510008
530055,510008
530056,510008
530057,510008
530058,510008
530059,510008
530060,510008
530061,510008
530062,510008
530063,510008
530064,510008
530065,510008
530066,510008
530067,510008
530068,510008
530069,510008
530070,510008
530071,510008
530072,510008
530073,510008
530074,510008
530075,510008
530076,510008
530077,510008
530078,510008
530079,510008
530080,510008
530081,510008
530082,510008
530083,510008
530084,510008
530085,510008
530086,510008
530087,510008
530088,510008
530089,510008
530090,510008
530091,510008
530092,510008
530093,510008
530094,510008
530095,510008
530097,510009
530098,510009
530099,510009
530100,510009
530101,510009
530102,510009
530103,510009
530104,510009
530105,510009
530106,510009
530107,510009
530108,510009
530109,510009
530110,510009
530111,510009
530112,510009
530113,510009
530114,510009
530115,510009
530116,510009
530117,510009
530118,510009
530119,510009
530120,510009
530121,510009
530122,510009
530123,510009
530124,510009
530125,510009
530126,510009
530127,510009
530128,510009
530129,510009
530130,510009
530131,510009
530132,510009
530133,510009
530134,510009
530135,510009
530136,510009
530137,510009
530138,510009
530139,510009
530140,510009
530141,510009
530142,510009
530143,510009
530144,510009
530145,510009
530146,510009
530147,510009
530148,510009
530149,510009
530150,510009
530151,510009
530152,510009
530153,510009
530154,510009
530155,510009
530156,510009
530157,510009
530158,510009
530159,510009
530160,510009
530161,510009
530162,510009
530163,510009
530164,510009
530165,510009
530166,510009
530167,510009
530168,510009
530169,510009
530170,510009
530172,510010
530173,510010
530174,510010
530175,510010
530176,510010
530177,510010
530178,510010
530179,510010
530180,510010
530181,510010
530182,510010
530183,510010
530184,510010
530185,510010
530186,510010
530187,510010
530188,510010
530189,510010
530190,510010
530191,510010
530192,510010
530193,510010
530194,510010
530195,510010
530196,510010
530197,510010
530198,510010
530199,510010
530200,510010
530201,510010
530202,510010
530203,510010
530204,510010
530205,510010
530206,510010
530207,510010
530209,510011
530210,510011
530211,510011
530212,510011
530213,510011
530214,510011
530215,510011
530216,510011
530217,510011
530218,510011
530219,510011
530220,510011
530221,510011
530222,510011
530223,510011
530224,510011
530225,510011
530227,510012
530228,510012
530229,510012
530230,510012
530231,510012
530232,510012
530233,510012
530235,510013
530236,510013
530237,510013
530238,510013
530239,510013
530240,510013
530241,510013
530242,510013
530243,510013
530244,510013
530246,510014
530247,510014
530248,510014
530249,510014
530250,510014
530251,510014
530253,510015
530254,510015
530255,510015
530256,510015
530257,510015
530258,510015
530259,510015
530260,510015
530261,510015
530262,510015
530263,510015
530264,510015
530265,510015
530266,510015
530267,510015
530268,510015
530269,510015
530270,510015
530271,510015
530272,510015
530273,510015
530274,510015
530275,510015
530276,510015
530277,510015
530278,510015
530279,510015
530280,510015
530281,510015
530282,510015
530283,510015
530284,510015
530285,510015
530286,510015
530287,510015
530288,510015
530289,510015
530290,510015
530291,510015
530293,510016
530294,510016
530295,510016
530296,510016
530298,510017
530299,510017
530300,510017
530301,510017
530303,510018
530304,510018
530305,510018
530306,510018
530307,510018
530309,510019
530310,510019
530311,510019
530312,510019
530313,510019
530314,510019
530315,510019
530316,510019
530317,510019
530318,510019
530319,510019
530321,510020
530322,510020
530323,510020
530324,510020
530325,510020
530326,510020
530327,510020
530328,510020
530329,510020
530330,510020
530331,510020
530332,510020
530333,510020
530334,510020
530335,510020
530336,510020
530337,510020
530338,510020
530339,510020
530340,510020
530342,510021
530343,510021
530344,510021
530345,510021
530346,510021
530347,510021
530348,510021
530349,510021
530350,510021
530351,510021
530352,510021
530353,510021
530354,510021
530355,510021
530356,510021
530357,510021
530358,510021
530359,510021
530360,510021
530361,510021
530362,510021
530363,510021
530364,510021
530365,510021
530366,510021
530367,510021
530369,510022
530370,510022
530371,510022
530373,510023
530374,510023
530375,510023
530376,510023
530377,510023
530378,510023
530379,510023
530380,510023
530381,510023
530382,510023
530383,510023
530384,510023
530385,510023
530387,510024
530388,510024
530389,510024
530390,510024
530391,510024
530392,510024
530393,510024
530394,510024
530395,510024
530396,510024
530398,510025
530399,510025
530400,510025
530402,510026
530403,510026
530404,510026
530405,510026
530406,510026
530407,510026
530408,510026
530409,510026
530410,510026
530411,510026
530412,510026
530413,510026
530414,510026
530415,510026
530416,510026
530417,510026
530418,510026
530419,510026
530420,510026
530421,510026
530422,510026
530423,510026
530424,510026
530425,510026
530426,510026
530427,510026
530428,510026
530429,510026
530430,510026
530431,510026
530432,510026
530433,510026
530434,510026
530435,510026
530437,510027
530438,510027
530439,510027
530440,510027
530441,510027
530442,510027
530443,510027
530444,510027
530445,510027
530447,510028
530448,510028
530449,510028
530451,510029
530452,510029
530453,510029
530454,510029
530455,510029
530456,510029
530457,510029
530458,510029
530459,510029
530460,510029
530462,510030
530463,510030
530464,510030
530465,510030
530466,510030
530467,510030
530468,510030
530469,510030
530470,510030
530471,510030
530472,510030
530473,510030
530474,510030
530475,510030
530477,510031
530478,510031
530479,510031
530480,510031
530481,510031
530482,510031
530483,510031
530484,510031
530485,510031
530486,510031
530487,510031
530488,510031
530489,510031
530491,510032
530492,510032
530493,510032
530494,510032
530495,510032
530496,510032
530497,510032
530498,510032
530499,510032
530500,0
530502,510034
530503,510034
530504,510034
530505,510034
530506,510034
530507,510034
530508,510034
530509,510034
530510,510034
530511,510034
530512,510034
530513,510034
530514,510034
530515,510034
530516,510034
530517,510034
530518,510034
530519,510034
530520,510034
530521,510034
530522,510034
530523,510034
530524,510034
530525,510034
530526,510034
530527,510034
530528,510034
530529,510034
530530,510034
530531,510034
530532,510034
530533,510034
530534,510034
530535,510034
530536,510034
530537,510034
530538,510034
530539,510034
530540,510034
530541,510034
530542,510034
530544,510035
530545,510035
530546,510035
530547,510035
530548,510035
530549,510035
530550,510035
530551,510035
530552,510035
530553,510035
530554,510035
530555,510035
530556,510035
530557,510035
530558,510035
530559,510035
530560,510035
530561,510035
530562,510035
530563,510035
530564,510035
530565,510035
530566,510035
530567,510035
530569,510036
530570,510036
530571,510036
530572,510036
530574,510037
530575,510037
530576,510037
530577,510037
530578,510037
530579,510037
530580,510037
530581,510037
530582,510037
530583,510037
530584,510037
530585,510037
530586,510037
530587,510037
530588,510037
530589,510037
530590,510037
530591,510037
530592,510037
530593,510037
530594,510037
530596,510038
530597,510038
530598,510038
530599,510038
530600,510038
530601,510038
530602,510038
530603,510038
530604,510038
530605,510038
530606,510038
530608,510039
530609,510039
530610,510039
530611,510039
530612,510039
530613,510039
530614,510039
530615,510039
530616,510039
530618,510040
530619,510040
530620,510040
530621,510040
530622,510040
530623,510040
530625,510041
530626,510041
530627,510041
530628,510041
530629,510041
530631,510042
530632,510042
530633,510042
530634,510042
530635,510042
530636,510042
530637,510042
530638,510042
530640,510043
530641,510043
530642,510043
530643,510043
530644,510043
530645,510043
530646,510043
530647,510043
530649,510044
530650,510044
530651,510044
530652,510044
530653,510044
530654,510044
530655,510044
530656,510044
530657,510044
530658,510044
530659,510044
530660,510044
530661,510044
530663,510045
530664,510045
530665,510045
530666,510045
530667,510045
530668,510045
530669,510045
530670,510045
530671,510045
530672,510045
530673,510045
530674,510045
530675,510045
530676,510045
530677,510045
530678,510045
530679,510045
530680,510045
530681,510045
530682,510045
530683,510045
530684,510045
530686,510046
530687,510046
530689,510047
530690,510047
530691,510047
530692,510047
530693,510047
530695,510048
530696,510048
530697,510048
530698,510048
530699,510048
530700,510048
530701,510048
530702,510048
530704,510049
530705,510049
530706,510049
530707,510049
530708,510049
530709,510049
530710,510049
530713,510051
530714,510051
530715,510051
530716,510051
530717,510051
530718,510051
530719,510051
530720,510051
530721,510051
530722,510051
530723,510051
530724,510051
530725,510051
530726,510051
530727,510051
530728,510051
530729,510051
530730,510051
530731,510051
530732,510051
530733,510051
530734,510051
530735,510051
530736,510051
530737,510051
530738,510051
530739,510051
530740,510051
530741,510051
530742,510051
530743,510051
530744,510051
530745,510051
530746,510051
530747,510051
530748,510051
530749,510051
530750,510051
530751,510051
530752,510051
530753,510051
530754,510051
530755,510051
530756,510051
530757,510051
530758,510051
530759,510051
530760,510051
530761,510051
530762,510051
530763,510051
530764,510051
530765,510051
530766,510051
530767,510051
530768,510051
530769,510051
530771,510052
530772,510052
530773,510052
530774,510052
530775,510052
530776,510052
530777,510052
530778,510052
530779,510052
530780,510052
530781,510052
530782,510052
530783,510052
530784,510052
530785,510052
530786,510052
530787,510052
530788,510052
530789,510052
530790,510052
530791,510052
530792,510052
530793,510052
530794,510052
530795,510052
530796,510052
530797,510052
530798,510052
530799,510052
530800,510052
530801,510052
530802,510052
530803,510052
530804,510052
530805,510052
530806,510052
530807,510052
530808,510052
530809,510052
530810,510052
530811,510052
530812,510052
530813,510052
530814,510052
530815,510052
530817,510053
530818,510053
530819,510053
530820,510053
530821,510053
530822,510053
530823,510053
530824,510053
530825,510053
530827,510054
530828,510054
530829,510054
530831,510055
530832,510055
530833,510055
530834,510055
530835,510055
530836,510055
530837,510055
530838,510055
530839,510055
530840,510055
530841,510055
530842,510055
530843,510055
530844,510055
530845,510055
530846,510055
530847,510055
530848,510055
530849,510055
530850,510055
530851,510055
530852,510055
530853,510055
530854,510055
530855,510055
530856,510055
530857,510055
530858,510055
530859,510055
530860,510055
530861,510055
530863,510056
530864,510056
530865,510056
530866,510056
530867,510056
530868,510056
530869,510056
530870,510056
530871,510056
530872,510056
530873,510056
530874,510056
530875,510056
530876,510056
530877,510056
530878,510056
530879,510056
530880,510056
530881,510056
530882,510056
530883,510056
530884,510056
530885,510056
530886,510056
530887,510056
530888,510056
530890,510057
530891,510057
530892,510057
530893,510057
530894,510057
530895,510057
530896,510057
530897,510057
530898,510057
530899,510057
530900,510057
530901,510057
530902,510057
530903,510057
530904,510057
530905,510057
530906,510057
530907,510057
530908,510057
530909,510057
530910,510057
530911,510057
530912,510057
530913,510057
530915,510058
530916,510058
530917,510058
530918,510058
530919,510058
530920,510058
530921,510058
530922,510058
530923,510058
530924,510058
530925,510058
530926,510058
530928,510059
530929,510059
530930,510059
530931,510059
530932,510059
530933,510059
530934,510059
530935,510059
530938,510061
530939,510061
530940,510061
530941,510061
530942,510061
530943,510061
530944,510061
530945,510061
530946,510061
530947,510061
530948,510061
530949,510061
530950,510061
530951,510061
530952,510061
530953,510061
530954,510061
530955,510061
530956,510061
530957,510061
530958,510061
530959,510061
530960,510061
530961,510061
530962,510061
530963,510061
530964,510061
530965,510061
530966,510061
530967,510061
530968,510061
530969,510061
530970,510061
530971,510061
530972,510061
530973,510061
530974,510061
530975,510061
530976,510061
530977,510061
530978,510061
530979,510061
530980,510061
530981,510061
530982,510061
530983,510061
530984,510061
530985,510061
530986,510061
530987,510061
530988,510061
530989,510061
530991,510062
530992,510062
530993,510062
530994,510062
530995,510062
530996,510062
530997,510062
530999,510063
531000,510063
531001,510063
531002,510063
531003,510063
531004,510063
531005,510063
531007,510064
531008,510064
531009,510064
531010,510064
531011,510064
531012,510064
531013,510064
531015,510065
531016,510065
531017,510065
531018,510065
531019,510065
531020,510065
531022,510066
531023,510066
531024,510066
531025,510066
531026,510066
531027,510066
531028,510066
531029,510066
531030,510066
531031,510066
531032,510066
531034,510067
531035,510067
531036,510067
531037,510067
531038,510067
531039,510067
531040,510067
531041,510067
531042,510067
531044,510068
531045,510068
531046,510068
531047,510068
531048,510068
531049,510068
531050,510068
531051,510068
531052,510068
531053,510068
531054,510068
531055,510068
531056,510068
531057,510068
531058,510068
531059,510068
531060,510068
531061,510068
531062,510068
531063,510068
531064,510068
531065,510068
531066,510068
531068,510069
531069,510069
531070,510069
531071,510069
531072,510069
531073,510069
531074,510069
531075,510069
531076,510069
531077,510069
531078,510069
531079,510069
531080,510069
531081,510069
531082,510069
531083,510069
531084,510069
531085,510069
531086,510069
531087,510069
531088,510069
531090,510070
531091,510070
531092,510070
531093,510070
531094,510070
531095,510070
531096,510070
531097,510070
531098,510070
531099,510070
531100,510070
531101,510070
531102,510070
531104,510071
531105,510071
531106,510071
531107,510071
531108,510071
531109,510071
531110,510071
531113,510073
531114,510073
531115,510073
531116,510073
531117,510073
531118,510073
531119,510073
531120,510073
531121,510073
531122,510073
531123,510073
531124,510073
531125,510073
531126,510073
531127,510073
531128,510073
531129,510073
531130,510073
531131,510073
531132,510073
531133,510073
531134,510073
531135,510073
531136,510073
531137,510073
531138,510073
531139,510073
531140,510073
531141,510073
531142,510073
531143,510073
531144,510073
531145,510073
531146,510073
531148,510074
531149,510074
531150,510074
531151,510074
531152,510074
531153,510074
531154,510074
531155,510074
531156,510074
531157,510074
531158,510074
531159,510074
531160,510074
531161,510074
531162,510074
531163,510074
531164,510074
531165,510074
531167,510075
531168,510075
531169,510075
531170,510075
531171,510075
531172,510075
531173,510075
531174,510075
531175,510075
531176,510075
531177,510075
531178,510075
531179,510075
531180,510075
531181,510075
531182,510075
531183,510075
531184,510075
531185,510075
531186,510075
531187,510075
531188,510075
531189,510075
531190,510075
531191,510075
531192,510075
531193,510075
531194,510075
531195,510075
531196,510075
531198,510076
531199,510076
531200,510076
531201,510076
531202,510076
531203,510076
531204,510076
531205,510076
531206,510076
531207,510076
531208,510076
531209,510076
531210,510076
531211,510076
531212,510076
531213,510076
531214,510076
531215,510076
531216,510076
531217,510076
531218,510076
531219,510076
531220,510076
531221,510076
531222,510076
531223,510076
531224,510076
531225,510076
531226,510076
531227,510076
531228,510076
531229,510076
531230,510076
531231,510076
531232,510076
531233,510076
531234,510076
531235,510076
531236,510076
531237,510076
531238,510076
531240,510077
531241,510077
531242,510077
531243,510077
531244,510077
531245,510077
531246,510077
531247,510077
531248,510077
531249,510077
531250,510077
531251,510077
531252,510077
531253,510077
531254,510077
531255,510077
531256,510077
531257,510077
531258,510077
531259,510077
531260,510077
531261,510077
531262,510077
531263,510077
531264,510077
531265,510077
531266,510077
531267,510077
531268,510077
531269,510077
531270,510077
531271,510077
531272,510077
531273,510077
531274,510077
531275,510077
531276,510077
531277,510077
531278,510077
531279,510077
531280,510077
531281,510077
531282,510077
531283,510077
531284,510077
531285,510077
531286,510077
531287,510077
531288,510077
531289,510077
531290,510077
531291,510077
531292,510077
531293,510077
531294,510077
531295,510077
531296,510077
531297,510077
531298,510077
531299,510077
531300,510077
531301,510077
531302,510077
531303,510077
531304,510077
531305,510077
531306,510077
531307,510077
531308,510077
531309,510077
531310,510077
531311,510077
531312,510077
531313,510077
531314,510077
531315,510077
531316,510077
531317,510077
531318,510077
531321,510079
531322,510079
531323,510079
531324,510079
531325,510079
531326,510079
531327,510079
531328,510079
531329,510079
531330,510079
531331,510079
531332,510079
531333,510079
531334,510079
531335,510079
531336,510079
531337,510079
531338,510079
531339,510079
531340,510079
531341,510079
531342,510079
531343,510079
531344,510079
531345,510079
531346,510079
531347,510079
531348,510079
531349,510079
531350,510079
531351,510079
531352,510079
531353,510079
531354,510079
531355,510079
531356,510079
531357,510079
531358,510079
531359,510079
531360,510079
531361,510079
531362,510079
531363,510079
531364,510079
531365,510079
531367,510080
531368,510080
531369,510080
531370,510080
531371,510080
531372,510080
531373,510080
531374,510080
531375,510080
531376,510080
531377,510080
531378,510080
531379,510080
531380,510080
531381,510080
531382,510080
531383,510080
531384,510080
531385,510080
531386,510080
531387,510080
531388,510080
531389,510080
531390,510080
531391,510080
531392,510080
531394,510081
531395,510081
531396,510081
531397,510081
531398,510081
531399,510081
531400,510081
531401,510081
531402,510081
531403,510081
531404,510081
531405,510081
531406,510081
531407,510081
531408,510081
531409,510081
531410,510081
531411,510081
531412,510081
531413,510081
531414,510081
531415,510081
531416,510081
531417,510081
531418,510081
531419,510081
531420,510081
531421,510081
531423,510082
531424,510082
531425,510082
531426,510082
531427,510082
531428,510082
531429,510082
531430,510082
531431,510082
531432,510082
531433,510082
531434,510082
531435,510082
531436,510082
531437,510082
531438,510082
531439,510082
531440,510082
531441,510082
531442,510082
531443,510082
531444,510082
531445,510082
531446,510082
531447,510082
531448,510082
531449,510082
531450,510082
531451,510082
531452,510082
531453,510082
531454,510082
531455,510082
531456,510082
531457,510082
531458,510082
531459,510082
531460,510082
531461,510082
531462,510082
531463,510082
531464,510082
531465,510082
531466,510082
531467,510082
531468,510082
531469,510082
531470,510082
531471,510082
531472,510082
531473,510082
531474,510082
531475,510082
531477,510083
531478,510083
531479,510083
531480,510083
531481,510083
531482,510083
531483,510083
531484,510083
531485,510083
531486,510083
531487,510083
531488,510083
531489,510083
531490,510083
531491,510083
531492,510083
531493,510083
531494,510083
531495,510083
531496,510083
531497,510083
531498,510083
531499,510083
531500,510083
531501,510083
531502,510083
531505,510085
531506,510085
531507,510085
531508,510085
531509,510085
531510,510085
531511,510085
531512,510085
531513,510085
531514,510085
531515,510085
531516,510085
531517,510085
531518,510085
531519,510085
531520,510085
531521,510085
531522,510085
531524,510086
531525,510086
531526,510086
531527,510086
531528,510086
531529,510086
531530,510086
531531,510086
531532,510086
531533,510086
531534,510086
531535,510086
531536,510086
531537,510086
531538,510086
531539,510086
531540,510086
531541,510086
531542,510086
531544,510087
531545,510087
531546,510087
531547,510087
531548,510087
531549,510087
531550,510087
531551,510087
531553,510088
531554,510088
531555,510088
531556,510088
531557,510088
531558,510088
531559,510088
531560,510088
531561,510088
531562,510088
531563,510088
531564,510088
531565,510088
531566,510088
531567,510088
531568,510088
531569,510088
531570,510088
531571,510088
531572,510088
531573,510088
531574,510088
531575,510088
531576,510088
531577,510088
531578,510088
531579,510088
531581,510089
531582,510089
531583,510089
531584,510089
531585,510089
531586,510089
531587,510089
531588,510089
531589,510089
531590,510089
531591,510089
531592,510089
531593,510089
531594,510089
531597,500014
531598,500014
531599,500014
531600,500014
531601,500014
531602,500014
531603,500014
531604,500014
531605,500014
531606,500014
531607,500014
531608,500014
531609,500014
531610,500014
531611,500014
531612,500014
531613,500014
531614,500014
531615,500014
531616,500014
531617,500014
531618,500014
531619,500014
531620,500014
531621,500014
531622,500014
531623,500014
531624,500014
531625,500014
531626,500014
531627,500014
531628,500014
531629,500014
531635,520096
531636,520096
531637,520096
531638,520096
531639,520096
531640,520096
531641,520096
531642,520096
531643,520096
531644,520096
531645,520096
531647,520097
531648,520097
531649,520097
531650,520097
531651,520097
531652,520097
531653,520097
531654,520097
531655,520097
531656,520097
531657,520097
531658,520097
531659,520097
531660,520097
531661,520097
531662,520097
531664,520098
531665,520098
531666,520098
531667,520098
531668,520098
531669,520098
531670,520098
531671,520098
531672,520098
531673,520098
531674,520098
531675,520098
531676,520098
531677,520098
531678,520098
531679,520098
531680,520098
531681,520098
531682,520098
531683,520098
531684,520098
531685,520098
531687,520099
531688,520099
531689,520099
531690,520099
531691,520099
531692,520099
531693,520099
531696,520101
531697,520101
531698,520101
531699,520101
531700,520101
531701,520101
531702,520101
531703,520101
531704,520101
531705,520101
531706,520101
531707,520101
531708,520101
531709,520101
531710,520101
531711,520101
531712,520101
531714,520102
531715,520102
531716,520102
531717,520102
531718,520102
531719,520102
531720,520102
531721,520102
531722,520102
531724,520103
531725,520103
531726,520103
531727,520103
531728,520103
531729,520103
531730,520103
531731,520103
531732,520103
531733,520103
531734,520103
531735,520103
531736,520103
531737,520103
531738,520103
531739,520103
531740,520103
531741,520103
531743,510097
531744,510097
531745,510097
531746,510097
531747,510097
531748,510097
531749,510097
531750,510097
531751,510097
531752,510097
531753,510097
531754,510097
531755,510097
531758,520106
531759,520106
531760,520106
531762,520107
531763,520107
531764,520107
531765,520107
531767,510099
531768,510099
531769,510099
531770,510099
531771,510099
531772,510099
531773,510099
531774,510099
531775,510099
531776,510099
531777,510099
531778,510099
531779,510099
531780,510099
531781,510099
531782,510099
531783,510099
531784,510099
531785,510099
531786,510099
531787,510099
531788,510099
531789,510099
531790,510099
531791,520109
531792,520109
531793,520109
531794,520109
531795,520109
531796,520109
531797,520109
531798,520109
531799,520109
531800,520110
531801,520110
531802,520110
531803,520110
531804,520110
531805,520110
531806,520110
531807,520111
531808,520111
531809,520111
531810,520111
531811,520111
531812,520111
531813,520111
531814,520111
531816,510100
531817,510100
531818,510100
531819,510100
531820,510100
531821,510100
531822,510100
531823,510100
531825,510101
531826,510101
531827,510101
531828,510101
531829,510101
531830,510101
531831,510101
531832,510101
531833,510101
531834,510101
531835,510101
531836,510101
531837,510101
531838,510101
531839,510101
531840,510101
531841,510101
531842,510101
531843,510101
531844,510101
531845,510101
531846,510101
531847,510101
531848,510101
531849,510101
531850,510101
531851,510101
531852,510101
531853,510101
531854,510101
531855,510101
531856,510101
531857,510101
531858,510101
531859,510101
531860,510101
531861,510101
531862,510101
531864,510102
531865,510102
531866,510102
531867,510102
531868,510102
531869,510102
531870,510102
531871,510102
531872,510102
531873,510102
531874,510102
531875,510102
531878,520116
531879,520116
531880,520116
531881,520116
531882,520116
531883,520116
531884,520116
531885,520116
531886,520116
531887,520116
531888,520116
531889,520116
531890,520116
531891,520116
531892,520116
531894,520117
531895,520117
531896,520117
531897,520117
531898,520117
531899,520117
531900,520117
531901,520117
531902,520117
531903,520117
531904,520117
531905,520117
531906,520117
531907,520117
531908,520117
531911,520119
531912,520119
531913,520119
531914,520119
531915,520119
531916,520119
531917,520119
531918,520119
531919,520119
531920,520119
531921,520119
531922,520119
531923,520119
531924,520119
531925,520119
531926,520119
531927,520119
531928,520119
531929,520119
531930,520119
531931,520119
531932,520119
531933,520119
531934,520119
531935,520119
531936,520119
531937,520119
531938,520119
531939,520119
531940,520119
531941,520119
531942,520119
531944,520120
531945,520120
531946,520120
531947,520120
531948,520120
531949,520120
531950,520120
531951,520120
531952,520120
531953,520120
531954,520120
531955,520120
531956,520120
531958,520121
531959,520121
531960,520121
531961,520121
531962,520121
531963,520121
531964,520121
531965,520121
531967,510105
531968,510105
531969,510105
531970,510105
531971,510105
531972,510105
531973,510105
531974,510105
531975,510105
531976,510105
531978,510106
531979,510106
531980,510106
531981,510106
531982,510106
531983,510106
531984,510106
531986,510107
531987,510107
531988,510107
531989,510107
531990,510107
531991,510107
531992,510107
531993,510107
531994,510107
531995,510107
531996,510107
531997,510107
531998,510107
531999,510107
532000,510107
532001,510107
532002,510107
532003,510107
532004,510107
532005,510107
532006,510107
532007,510107
532009,510108
532010,510108
532011,510108
532012,510108
532013,510108
532014,510108
532015,510108
532016,510108
532017,510108
532018,510108
532019,510108
532020,510108
532021,510108
532022,510108
532023,510108
532024,510108
532025,510108
532026,510108
532027,510108
532028,510108
532029,510108
532030,510108
532031,510108
532032,510108
532034,510109
532035,510109
532036,510109
532037,510109
532038,510109
532039,510109
532040,510109
532041,510109
532042,510109
532043,510109
532044,510109
532045,510109
532046,510109
532047,510109
532048,510109
532049,510109
532050,510109
532051,510109
532052,510109
532053,510109
532054,510109
532055,510109
532056,510109
532057,510109
532058,510109
532059,510109
532060,510109
532061,510109
532062,510109
532063,510109
532064,510109
532066,510110
532067,510110
532068,510110
532069,510110
532070,510110
532071,510110
532072,510110
532073,510110
532074,510110
532076,510111
532077,510111
532078,510111
532079,510111
532080,510111
532081,510111
532082,510111
532083,510111
532084,510111
532085,510111
532086,510111
532088,510112
532089,510112
532090,510112
532091,510112
532092,510112
532093,510112
532094,510112
532095,510112
532096,510112
532097,510112
532098,510112
532099,510112
532100,510112
532101,510112
532102,510112
532103,510112
532104,510112
532105,510112
532106,510112
532107,510112
532108,510112
532109,510112
532110,510112
532111,510112
532114,520131
532115,520131
532116,520131
532117,520131
532118,520131
532119,520131
532120,520131
532121,520131
532122,520131
532123,520131
532124,520131
532125,520131
532126,520131
532127,520131
532128,520131
532129,520131
532130,520131
532131,520131
532132,520131
532133,520131
532135,520132
532136,520132
532137,520132
532138,520132
532139,520132
532140,520132
532141,520132
532142,520132
532143,520132
532144,520132
532145,520132
532146,520132
532147,520132
532148,520132
532149,520132
532150,520132
532151,520132
532152,520132
532154,520133
532155,520133
532156,520133
532157,520133
532158,520133
532159,520133
532160,520133
532162,510114
532163,510114
532164,510114
532165,510114
532166,510114
532167,510114
532168,510114
532169,510114
532170,510114
532171,510114
532172,510114
532173,510114
532174,510114
532175,510114
532176,510114
532177,510114
532178,510114
532179,510114
532180,510114
532181,510114
532182,510114
532183,510114
532184,510114
532185,510114
532186,510114
532187,510114
532188,510114
532189,510114
532190,510114
532191,510114
532192,510114
532193,510114
532194,510114
532195,510114
532197,510115
532198,510115
532199,510115
532200,510115
532201,510115
532202,510115
532203,510115
532204,510115
532205,510115
532206,510115
532207,510115
532208,510115
532209,510115
532210,510115
532211,510115
532212,510115
532213,510115
532214,510115
532215,510115
532216,510115
532217,510115
532218,510115
532219,510115
532220,510115
532221,510115
532223,510116
532224,510116
532225,510116
532226,510116
532227,510116
532228,510116
532229,510116
532230,510116
532231,510116
532232,510116
532233,510116
532234,510116
532235,510116
532236,510116
532237,510116
532238,510116
532239,510116
532240,510116
532241,510116
532242,510116
532243,510116
532244,510116
532245,510116
532246,510116
532247,510116
532248,510116
532249,510116
532250,510116
532251,510116
532252,510116
532253,510116
532254,510116
532255,510116
532256,510116
532257,510116
532258,510116
532259,510116
532260,510116
532261,510116
532262,510116
532263,510116
532264,510116
532265,510116
532266,510116
532267,510116
532269,510117
532270,510117
532271,510117
532272,510117
532273,510117
532274,510117
532275,510117
532276,510117
532277,510117
532278,510117
532279,510117
532280,510117
532281,510117
532282,510117
532283,510117
532285,510118
532286,510118
532287,510118
532288,510118
532289,510118
532290,510118
532291,510118
532292,510118
532293,510118
532294,510118
532295,510118
532296,510118
532297,510118
532298,510118
532299,510118
532300,510118
532301,510118
532302,510118
532303,510118
532304,510118
532305,510118
532306,510118
532307,510118
532308,510118
532309,510118
532310,510118
532311,510118
532312,510118
532313,510118
532314,510118
532315,510118
532316,510118
532317,510118
532318,510118
532319,510118
532320,510118
532321,510118
532322,510118
532323,510118
532325,510119
532326,510119
532327,510119
532328,510119
532329,510119
532330,510119
532331,510119
532332,510119
532333,510119
532334,510119
532335,510119
532336,510119
532337,510119
532338,510119
532339,510119
532340,510119
532341,510119
532342,510119
532343,510119
532344,510119
532345,510119
532346,510119
532347,510119
532348,510119
532349,510119
532350,510119
532351,510119
532352,510119
532354,510120
532355,510120
532356,510120
532357,510120
532358,510120
532359,510120
532360,510120
532361,510120
532362,510120
532363,510120
532364,510120
532365,510120
532366,510120
532367,510120
532368,510120
532369,510120
532370,510120
532371,510120
532372,510120
532373,510120
532374,510120
532375,510120
532377,510121
532378,510121
532379,510121
532380,510121
532381,510121
532382,510121
532383,510121
532384,510121
532385,510121
532386,510121
532387,510121
532388,510121
532389,510121
532390,510121
532391,510121
532392,510121
532393,510121
532394,510121
532396,510122
532397,510122
532398,510122
532399,510122
532400,510122
532401,510122
532402,510122
532403,510122
532404,510122
532405,510122
532406,510122
532407,510122
532408,510122
532409,510122
532410,510122
532411,510122
532412,510122
532413,510122
532414,510122
532415,510122
532416,510122
532417,510122
532418,510122
532419,510122
532420,510122
532421,510122
532422,510122
532423,510122
532424,510122
532425,510122
532426,510122
532427,510122
532428,510122
532430,510123
532431,510123
532432,510123
532433,510123
532434,510123
532435,510123
532436,510123
532437,510123
532438,510123
532439,510123
532441,510124
532442,510124
532443,510124
532444,510124
532445,510124
532446,510124
532447,510124
532449,510125
532450,510125
532451,510125
532452,510125
532453,510125
532454,510125
532455,510125
532456,510125
532457,510125
532458,510125
532459,510125
532460,510125
532465,510129
532466,510129
532467,510129
532468,510129
532469,510129
532470,510129
532471,510129
532472,510129
532473,510129
532474,510129
532475,510129
532476,510129
532477,510129
532478,510129
532479,510129
532480,510129
532481,510129
532482,510129
532483,510129
532484,510129
532485,510129
532486,510129
532487,510129
532488,510129
532489,510129
532490,510129
532491,510129
532492,510129
532493,510129
532494,510129
532495,510129
532496,510129
532497,510129
532498,510129
532499,510129
532500,510129
532501,510129
532502,510129
532503,510129
532505,510130
532506,510130
532507,510130
532508,510130
532509,510130
532510,510130
532511,510130
532512,510130
532513,510130
532514,510130
532515,510130
532516,510130
532517,510130
532518,510130
532519,510130
532520,510130
532521,510130
532522,510130
532523,510130
532524,510130
532525,510130
532526,510130
532527,510130
532528,510130
532529,510130
532530,510130
532531,510130
532533,510131
532534,510131
532535,510131
532536,510131
532537,510131
532538,510131
532539,510131
532540,510131
532541,510131
532542,510131
532543,510131
532544,510131
532545,510131
532546,510131
532547,510131
532548,510131
532549,510131
532550,510131
532551,510131
532552,510131
532553,510131
532554,510131
532555,510131
532556,510131
532557,510131
532558,510131
532559,510131
532560,510131
532561,510131
532562,510131
532563,510131
532564,510131
532565,510131
532566,510131
532567,510131
532568,510131
532569,510131
532570,510131
532571,510131
532572,510131
532573,510131
532574,510131
532575,510131
532576,510131
532577,510131
532578,510131
532579,510131
532581,510132
532582,510132
532583,510132
532584,510132
532585,510132
532586,510132
532587,510132
532588,510132
532589,510132
532590,510132
532591,510132
532592,510132
532593,510132
532594,510132
532595,510132
532596,510132
532597,510132
532598,510132
532599,510132
532600,510132
532601,510132
532602,510132
532603,510132
532604,510132
532605,510132
532606,510132
532607,510132
532608,510132
532609,510132
532610,510132
532611,510132
532612,510132
532613,510132
532614,510132
532615,510132
532616,510132
532618,510133
532619,510133
532620,510133
532621,510133
532622,510133
532623,510133
532624,510133
532625,510133
532626,510133
532627,510133
532628,510133
532629,510133
532630,510133
532631,510133
532632,510133
532633,510133
532634,510133
532636,510134
532637,510134
532638,510134
532639,510134
532640,510134
532641,510134
532642,510134
532643,510134
532644,510134
532645,510134
532646,510134
532647,510134
532648,510134
532650,510135
532651,510135
532652,510135
532653,510135
532654,510135
532655,510135
532656,510135
532657,510135
532658,510135
532659,510135
532660,510135
532661,510135
532662,510135
532663,510135
532664,510135
532665,510135
532666,510135
532667,510135
532668,510135
532669,510135
532670,510135
532671,510135
532672,510135
532673,510135
532674,510135
532675,510135
532676,510135
532677,510135
532678,510135
532679,510135
532680,510135
532681,510135
532682,510135
532683,510135
532684,510135
532686,510136
532687,510136
532688,510136
532689,510136
532690,510136
532691,510136
532692,510136
532693,510136
532694,510136
532695,510136
532696,510136
532698,510137
532699,510137
532700,510137
532701,510137
532702,510137
532703,510137
532704,510137
532705,510137
532706,510137
532708,510138
532709,510138
532710,510138
532711,510138
532712,510138
532713,510138
532714,510138
532715,510138
532716,510138
532717,510138
532718,510138
532720,510139
532721,510139
532722,510139
532723,510139
532724,510139
532725,510139
532726,510139
532727,510139
532729,510140
532730,510140
532731,510140
532732,510140
532733,510140
532734,510140
532735,510140
532736,510140
532737,510140
532739,510141
532740,510141
532741,510141
532742,510141
532743,510141
532744,510141
532745,510141
532746,510141
532747,510141
532748,510141
532749,510141
532751,510142
532752,510142
532753,510142
532754,510142
532755,510142
532757,510143
532758,510143
532759,510143
532760,510143
532761,510143
532763,510144
532764,510144
532765,510144
532766,510144
532767,510144
532768,510144
532770,510145
532771,510145
532772,510145
532773,510145
532774,510145
532775,510145
532777,510146
532778,510146
532779,510146
532780,510146
532781,510146
532782,510146
532788,520171
532789,520171
532790,520171
532791,520171
532792,520171
532793,520171
532794,520171
532795,520171
532796,520171
532797,520171
532798,520171
532799,520171
532800,520171
532801,520171
532802,520171
532803,520171
532804,520171
532805,520171
532806,520171
532807,520171
532808,520171
532809,520171
532810,520171
532811,520171
532812,520171
532813,520171
532814,520171
532815,520171
532816,520171
532817,520171
532818,520171
532820,520172
532821,520172
532822,520172
532823,520172
532824,520172
532825,520172
532826,520172
532827,520172
532828,520172
532829,520172
532830,520172
532831,520172
532832,520172
532833,520172
532835,520173
532836,520173
532837,520173
532838,520173
532839,520173
532840,520173
532841,520173
532842,520173
532843,520173
532844,520173
532845,520173
532846,520173
532847,520173
532848,520173
532849,520173
532850,520173
532851,520173
532852,520173
532853,520173
532854,520173
532855,520173
532856,520173
532857,520173
532858,520173
532859,520173
532860,520173
532861,520173
532862,520173
532863,520173
532864,520173
532865,520173
532866,520173
532867,520173
532868,520173
532870,520174
532871,520174
532872,520174
532873,520174
532874,520174
532875,520174
532876,520174
532877,520174
532878,520174
532879,520174
532880,520174
532881,520174
532882,520174
532883,520174
532884,520174
532885,520174
532887,510151
532888,510151
532889,510151
532890,510151
532891,510151
532892,510151
532893,510151
532894,510151
532895,510151
532896,510151
532897,510151
532898,510151
532899,510151
532900,510151
532901,510151
532902,510151
532903,510151
532904,510151
532905,510151
532906,510151
532907,510151
532908,510151
532909,510151
532910,510151
532911,510151
532912,510151
532913,510151
532914,510151
532915,510151
532916,510151
532917,510151
532918,510151
532919,510151
532920,510151
532921,510151
532922,510151
532923,510151
532924,510151
532925,510151
532927,510152
532928,510152
532929,510152
532930,510152
532931,510152
532932,510152
532933,510152
532934,510152
532935,510152
532936,510152
532937,510152
532938,510152
532939,510152
532940,510152
532941,510152
532942,510152
532943,510152
532944,510152
532945,510152
532946,510152
532947,510152
532948,510152
532949,510152
532950,510152
532951,510152
532952,510152
532953,510152
532954,510152
532955,510152
532956,510152
532957,510152
532958,510152
532959,510152
532960,510152
532961,510152
532962,510152
532964,510153
532965,510153
532966,510153
532967,510153
532968,510153
532969,510153
532970,510153
532971,510153
532972,510153
532973,510153
532974,510153
532976,510154
532977,510154
532978,510154
532979,510154
532980,510154
532981,510154
532982,510154
532983,510154
532984,510154
532986,510155
532987,510155
532988,510155
532989,510155
532990,510155
532991,510155
532992,510155
532993,510155
532994,510155
532995,510155
532996,510155
532998,510156
532999,510156
533001,510157
533002,510157
533003,510157
533004,510157
533005,510157
533006,510157
533007,510157
533008,510157
533010,510158
533011,510158
533012,510158
533013,510158
533014,510158
533015,510158
533016,510158
533017,510158
533018,510158
533019,510158
533020,510158
533022,510159
533023,510159
533024,510159
533025,510159
533026,510159
533027,510159
533028,510159
533029,510159
533030,510159
533032,510160
533033,510160
533034,510160
533035,510160
533036,510160
533037,510160
533038,510160
533039,510160
533045,520189
533046,520189
533047,520189
533048,520189
533049,520189
533050,520189
533051,520189
533052,520189
533053,520189
533054,520189
533055,520189
533056,520189
533057,520189
533058,520189
533059,520189
533060,520189
533061,520189
533062,520189
533063,520189
533064,520189
533065,520189
533066,520189
533067,520189
533068,520189
533069,520189
533070,520189
533071,520189
533072,520189
533074,520190
533075,520190
533076,520190
533077,520190
533078,520190
533079,520190
533080,520190
533081,520190
533082,520190
533083,520190
533084,520190
533085,520190
533086,520190
533087,520190
533088,520190
533090,510165
533091,510165
533092,510165
533093,510165
533094,510165
533095,510165
533096,510165
533097,510165
533098,510165
533099,510165
533100,510165
533101,510165
533102,510165
533103,510165
533104,510165
533105,510165
533106,510165
533107,510165
533108,510165
533109,510165
533110,510165
533111,510165
533112,510165
533113,510165
533114,510165
533115,510165
533116,510165
533117,510165
533118,510165
533119,510165
533120,510165
533121,510165
533122,510165
533123,510165
533124,510165
533125,510165
533126,510165
533128,510166
533129,510166
533130,510166
533131,510166
533132,510166
533133,510166
533134,510166
533135,510166
533136,510166
533137,510166
533138,510166
533139,510166
533140,510166
533141,510166
533142,510166
533143,510166
533144,510166
533145,510166
533146,510166
533147,510166
533148,510166
533150,510167
533151,510167
533152,510167
533153,510167
533154,510167
533155,510167
533156,510167
533157,510167
533158,510167
533159,510167
533160,510167
533161,510167
533162,510167
533163,510167
533164,510167
533165,510167
533166,510167
533167,510167
533168,510167
533169,510167
533170,510167
533171,510167
533172,510167
533173,510167
533174,510167
533175,510167
533176,510167
533177,510167
533178,510167
533179,510167
533181,510168
533182,510168
533183,510168
533184,510168
533185,510168
533186,510168
533187,510168
533188,510168
533189,510168
533190,510168
533191,510168
533192,510168
533193,510168
533194,510168
533195,510168
533196,510168
533197,510168
533198,510168
533199,510168
533200,510168
533201,510168
533202,510168
533203,510168
533204,510168
533206,510169
533207,510169
533208,510169
533209,510169
533210,510169
533211,510169
533212,510169
533213,510169
533214,510169
533215,510169
533216,510169
533217,510169
533218,510169
533219,510169
533220,510169
533221,510169
533222,510169
533223,510169
533224,510169
533225,510169
533226,510169
533227,510169
533228,510169
533229,510169
533231,510170
533232,510170
533233,510170
533234,510170
533236,510171
533237,510171
533238,510171
533239,510171
533240,510171
533241,510171
533242,510171
533243,510171
533244,510171
533245,510171
533246,510171
533247,510171
533248,510171
533249,510171
533250,510171
533251,510171
533252,510171
533253,510171
533254,510171
533255,510171
533256,510171
533257,510171
533259,510172
533260,510172
533261,510172
533262,510172
533263,510172
533264,510172
533265,510172
533266,510172
533267,510172
533268,510172
533270,510173
533271,510173
533272,510173
533273,510173
533274,510173
533275,510173
533276,510173
533277,510173
533278,510173
533279,510173
533280,510173
533281,510173
533282,510173
533283,510173
533284,510173
533285,510173
533287,510174
533288,510174
533289,510174
533290,510174
533291,510174
533292,510174
533293,510174
533294,510174
533295,510174
533296,510174
533297,510174
533298,510174
533299,510174
533301,510175
533302,510175
533303,510175
533304,510175
533305,510175
533306,510175
533307,510175
533308,510175
533309,510175
533310,510175
533312,510176
533313,510176
533314,510176
533315,510176
533316,510176
533317,510176
533318,510176
533319,510176
533320,510176
533321,510176
533322,510176
533323,510176
533325,510177
533326,510177
533327,510177
533328,510177
533329,510177
533330,510177
533331,510177
533332,510177
533333,510177
533334,510177
533335,510177
533336,510177
533338,510178
533339,510178
533340,510178
533341,510178
533342,510178
533343,510178
533344,510178
533345,510178
533351,520209
533352,520209
533353,520209
533354,520209
533355,520209
533356,520209
533357,520209
533358,520209
533359,520209
533360,520209
533361,520209
533362,520209
533363,520209
533364,520209
533365,520209
533366,520209
533367,520209
533368,520209
533369,520209
533370,520209
533371,520209
533372,520209
533373,520209
533374,520209
533375,520209
533376,520209
533377,520209
533378,520209
533379,520209
533380,520209
533381,520209
533382,520209
533383,520209
533384,520209
533385,520209
533386,520209
533387,520209
533388,520209
533389,520209
533390,520209
533391,520209
533392,520209
533393,520209
533394,520209
533395,520209
533396,520209
533397,520209
533399,520210
533400,520210
533401,520210
533402,520210
533403,520210
533404,520210
533405,520210
533406,520210
533407,520210
533408,520210
533409,520210
533410,520210
533411,520210
533412,520210
533413,520210
533414,520210
533415,520210
533416,520210
533417,520210
533418,520210
533419,520210
533420,520210
533421,520210
533422,520210
533423,520210
533424,520210
533425,520210
533426,520210
533427,520210
533428,520210
533429,520210
533430,520210
533431,520210
533432,520210
533433,520210
533434,520210
533435,520210
533437,510183
533438,510183
533439,510183
533440,510183
533441,510183
533442,510183
533443,510183
533444,510183
533445,510183
533446,510183
533447,510183
533448,510183
533449,510183
533450,510183
533451,510183
533452,510183
533453,510183
533454,510183
533455,510183
533456,510183
533457,510183
533458,510183
533459,510183
533460,510183
533461,510183
533462,510183
533463,510183
533464,510183
533465,510183
533466,510183
533467,510183
533468,510183
533469,510183
533470,510183
533471,510183
533472,510183
533473,510183
533474,510183
533475,510183
533476,510183
533477,510183
533478,510183
533479,510183
533480,510183
533481,510183
533482,510183
533483,510183
533484,510183
533485,510183
533486,510183
533487,510183
533488,510183
533489,510183
533490,510183
533491,510183
533492,510183
533493,510183
533494,510183
533495,510183
533496,510183
533497,510183
533498,510183
533499,510183
533501,510184
533502,510184
533503,510184
533504,510184
533505,510184
533506,510184
533507,510184
533508,510184
533509,510184
533510,510184
533511,510184
533512,510184
533513,510184
533514,510184
533515,510184
533516,510184
533517,510184
533518,510184
533519,510184
533520,510184
533521,510184
533522,510184
533523,510184
533524,510184
533525,510184
533526,510184
533527,510184
533528,510184
533529,510184
533530,510184
533531,510184
533532,510184
533533,510184
533534,510184
533535,510184
533536,510184
533537,510184
533538,510184
533539,510184
533540,510184
533541,510184
533542,510184
533543,510184
533544,510184
533545,510184
533546,510184
533547,510184
533548,510184
533549,510184
533550,510184
533551,510184
533553,510185
533554,510185
533555,510185
533556,510185
533557,510185
533558,510185
533559,510185
533560,510185
533561,510185
533562,510185
533563,510185
533564,510185
533565,510185
533566,510185
533567,510185
533568,510185
533569,510185
533570,510185
533571,510185
533572,510185
533573,510185
533574,510185
533575,510185
533576,510185
533577,510185
533578,510185
533579,510185
533580,510185
533581,510185
533582,510185
533583,510185
533584,510185
533585,510185
533586,510185
533587,510185
533588,510185
533589,510185
533590,510185
533591,510185
533592,510185
533593,510185
533594,510185
533596,510186
533597,510186
533598,510186
533599,510186
533600,510186
533601,510186
533602,510186
533603,510186
533604,510186
533605,510186
533606,510186
533607,510186
533608,510186
533609,510186
533610,510186
533611,510186
533612,510186
533613,510186
533614,510186
533615,510186
533616,510186
533617,510186
533618,510186
533619,510186
533620,510186
533621,510186
533622,510186
533623,510186
533624,510186
533625,510186
533626,510186
533627,510186
533628,510186
533629,510186
533630,510186
533631,510186
533632,510186
533633,510186
533634,510186
533636,510187
533637,510187
533638,510187
533639,510187
533640,510187
533641,510187
533642,510187
533643,510187
533644,510187
533645,510187
533646,510187
533647,510187
533648,510187
533649,510187
533650,510187
533651,510187
533652,510187
533653,510187
533654,510187
533655,510187
533656,510187
533657,510187
533658,510187
533659,510187
533660,510187
533661,510187
533662,510187
533663,510187
533664,510187
533665,510187
533666,510187
533667,510187
533668,510187
533669,510187
533670,510187
533671,510187
533672,510187
533673,510187
533674,510187
533675,510187
533676,510187
533677,510187
533678,510187
533679,510187
533680,510187
533682,510188
533683,510188
533684,510188
533685,510188
533686,510188
533687,510188
533688,510188
533689,510188
533690,510188
533691,510188
533692,510188
533693,510188
533694,510188
533695,510188
533697,510189
533698,510189
533699,510189
533700,510189
533701,510189
533702,510189
533703,510189
533704,510189
533705,510189
533706,510189
533707,510189
533709,510190
533710,510190
533711,510190
533712,510190
533713,510190
533714,510190
533716,510191
533717,510191
533718,510191
533719,510191
533720,510191
533721,510191
533722,510191
533724,510192
533725,510192
533726,510192
533727,510192
533728,510192
533729,510192
533730,510192
533731,510192
533732,510192
533733,510192
533734,510192
533735,510192
533737,510193
533738,510193
533739,510193
533740,510193
533741,510193
533742,510193
533743,510193
533744,510193
533745,510193
533746,510193
533747,510193
533749,510194
533750,510194
533751,510194
533752,510194
533753,510194
533754,510194
533755,510194
533756,510194
533757,510194
533758,510194
533759,510194
533760,510194
533761,510194
533762,510194
533764,510195
533765,510195
533766,510195
533767,510195
533768,510195
533769,510195
533770,510195
533771,510195
533772,510195
533773,510195
533774,510195
533775,510195
533776,510195
533781,510199
533782,510199
533783,510199
533784,510199
533785,510199
533786,510199
533787,510199
533788,510199
533789,510199
533790,510199
533791,510199
533792,510199
533793,510199
533794,510199
533795,510199
533796,510199
533797,510199
533798,510199
533799,510199
533800,510199
533801,510199
533802,510199
533803,510199
533804,510199
533805,510199
533806,510199
533807,510199
533808,510199
533809,510199
533810,510199
533811,510199
533812,510199
533813,510199
533814,510199
533815,510199
533816,510199
533817,510199
533818,510199
533819,510199
533820,510199
533821,510199
533822,510199
533823,510199
533824,510199
533825,510199
533826,510199
533827,510199
533828,510199
533829,510199
533830,510199
533831,510199
533832,510199
533833,510199
533834,510199
533835,510199
533836,510199
533837,510199
533838,510199
533839,510199
533840,510199
533841,510199
533842,510199
533843,510199
533844,510199
533846,510200
533847,510200
533848,510200
533849,510200
533850,510200
533851,510200
533852,510200
533853,510200
533854,510200
533855,510200
533856,510200
533857,510200
533858,510200
533859,510200
533860,510200
533861,510200
533862,510200
533863,510200
533864,510200
533865,510200
533866,510200
533867,510200
533868,510200
533869,510200
533870,510200
533871,510200
533872,510200
533873,510200
533874,510200
533875,510200
533876,510200
533877,510200
533878,510200
533879,510200
533880,510200
533881,510200
533882,510200
533883,510200
533884,510200
533885,510200
533886,510200
533887,510200
533888,510200
533889,510200
533890,510200
533891,510200
533892,510200
533893,510200
533894,510200
533895,510200
533896,510200
533897,510200
533898,510200
533899,510200
533900,510200
533901,510200
533902,510200
533903,510200
533905,510201
533906,510201
533907,510201
533908,510201
533909,510201
533910,510201
533911,510201
533912,510201
533913,510201
533914,510201
533915,510201
533916,510201
533917,510201
533918,510201
533919,510201
533920,510201
533921,510201
533922,510201
533923,510201
533924,510201
533925,510201
533926,510201
533927,510201
533928,510201
533929,510201
533930,510201
533931,510201
533932,510201
533933,510201
533934,510201
533935,510201
533936,510201
533937,510201
533938,510201
533939,510201
533940,510201
533941,510201
533942,510201
533943,510201
533944,510201
533945,510201
533946,510201
533947,510201
533948,510201
533950,510202
533951,510202
533952,510202
533953,510202
533954,510202
533955,510202
533956,510202
533957,510202
533958,510202
533959,510202
533960,510202
533961,510202
533962,510202
533963,510202
533964,510202
533965,510202
533966,510202
533967,510202
533968,510202
533969,510202
533970,510202
533971,510202
533972,510202
533973,510202
533974,510202
533975,510202
533976,510202
533977,510202
533978,510202
533979,510202
533980,510202
533981,510202
533982,510202
533983,510202
533984,510202
533985,510202
533986,510202
533987,510202
533988,510202
533989,510202
533990,510202
533991,510202
533992,510202
533993,510202
533994,510202
533995,510202
533996,510202
533998,510203
533999,510203
534000,510203
534001,510203
534002,510203
534003,510203
534004,510203
534005,510203
534006,510203
534007,510203
534008,510203
534009,510203
534010,510203
534011,510203
534012,510203
534013,510203
534014,510203
534016,510204
534017,510204
534018,510204
534019,510204
534020,510204
534021,510204
534022,510204
534023,510204
534024,510204
534025,510204
534026,510204
534027,510204
534028,510204
534030,510205
534031,510205
534032,510205
534033,510205
534034,510205
534035,510205
534036,510205
534037,510205
534038,510205
534039,510205
534040,510205
534042,510206
534043,510206
534044,510206
534045,510206
534046,510206
534047,510206
534048,510206
534049,510206
534051,510207
534052,510207
534053,510207
534054,510207
534055,510207
534056,510207
534057,510207
534058,510207
534059,510207
534060,510207
534061,510207
534062,510207
534063,510207
534064,510207
534065,510207
534066,510207
534068,510208
534069,510208
534070,510208
534071,510208
534072,510208
534073,510208
534074,510208
534075,510208
534076,510208
534077,510208
534078,510208
534079,510208
534081,510209
534082,510209
534083,510209
534084,510209
534085,510209
534086,510209
534087,510209
534088,510209
534089,510209
534090,510209
534091,510209
534092,510209
534093,510209
534094,510209
534095,510209
534097,510210
534098,510210
534099,510210
534100,510210
534101,510210
534102,510210
534103,510210
534104,510210
534105,510210
534106,510210
534108,510211
534109,510211
534110,510211
534111,510211
534112,510211
534113,510211
534114,510211
534115,510211
534116,510211
534117,510211
534118,510211
534120,510212
534121,510212
534122,510212
534123,510212
534124,510212
534125,510212
534126,510212
534127,510212
534128,510212
534129,510212
534130,510212
534131,510212
534132,510212
534133,510212
534135,510213
534136,510213
534137,510213
534138,510213
534139,510213
534140,510213
534141,510213
534142,510213
534143,510213
534144,510213
534145,510213
534147,510214
534148,510214
534149,510214
534150,510214
534151,510214
534152,510214
534153,510214
534154,510214
534155,510214
534157,510215
534158,510215
534159,510215
534160,510215
534161,510215
534162,510215
534163,510215
534164,510215
534165,510215
534167,510216
534168,510216
534169,510216
534170,510216
534171,510216
534172,510216
534173,510216
534174,510216
534175,510216
534176,510216
534177,510216
534179,510217
534180,510217
534181,510217
534182,510217
534183,510217
534184,510217
534185,510217
534186,510217
534187,510217
534188,510217
534189,510217
534191,510218
534192,510218
534193,510218
534194,510218
534195,510218
534196,510218
534197,510218
534198,510218
534199,510218
534200,510218
534201,510218
534202,510218
534204,510219
534205,510219
534206,510219
534207,510219
534208,510219
534209,510219
534210,510219
534212,510220
534213,510220
534214,510220
534215,510220
534216,510220
534217,510220
534218,510220
534219,510220
534220,510220
534221,510220
534222,510220
534223,510220
534224,510220
534225,510220
534231,520253
534232,520253
534233,520253
534234,520253
534235,520253
534236,520253
534237,520253
534238,520253
534239,520253
534240,520253
534241,520253
534242,520253
534243,520253
534244,520253
534245,520253
534246,520253
534247,520253
534248,520253
534249,520253
534250,520253
534251,520253
534252,520253
534253,520253
534254,520253
534256,520254
534257,520254
534258,520254
534259,520254
534260,520254
534261,520254
534262,520254
534263,520254
534264,520254
534265,520254
534266,520254
534267,520254
534268,520254
534269,520254
534270,520254
534271,520254
534272,520254
534273,520254
534274,520254
534275,520254
534276,520254
534277,520254
534278,520254
534279,520254
534280,520254
534281,520254
534282,520254
534283,520254
534284,520254
534285,520254
534286,520254
534288,510225
534289,510225
534290,510225
534291,510225
534292,510225
534293,510225
534294,510225
534295,510225
534296,510225
534297,510225
534298,510225
534299,510225
534300,510225
534301,510225
534302,510225
534303,510225
534304,510225
534305,510225
534306,510225
534307,510225
534308,510225
534309,510225
534310,510225
534311,510225
534312,510225
534313,510225
534314,510225
534315,510225
534316,510225
534317,510225
534318,510225
534319,510225
534320,510225
534321,510225
534322,510225
534323,510225
534324,510225
534325,510225
534326,510225
534327,510225
534328,510225
534329,510225
534330,510225
534331,510225
534332,510225
534333,510225
534334,510225
534335,510225
534336,510225
534337,510225
534338,510225
534339,510225
534340,510225
534341,510225
534342,510225
534343,510225
534344,510225
534346,510226
534347,510226
534348,510226
534349,510226
534350,510226
534351,510226
534352,510226
534353,510226
534354,510226
534355,510226
534356,510226
534357,510226
534358,510226
534359,510226
534360,510226
534361,510226
534362,510226
534363,510226
534364,510226
534365,510226
534366,510226
534367,510226
534368,510226
534369,510226
534370,510226
534371,510226
534372,510226
534373,510226
534374,510226
534375,510226
534376,510226
534377,510226
534378,510226
534379,510226
534380,510226
534382,510227
534383,510227
534384,510227
534385,510227
534386,510227
534387,510227
534388,510227
534389,510227
534390,510227
534391,510227
534392,510227
534393,510227
534394,510227
534395,510227
534396,510227
534397,510227
534398,510227
534399,510227
534400,510227
534401,510227
534402,510227
534403,510227
534404,510227
534405,510227
534406,510227
534407,510227
534408,510227
534409,510227
534410,510227
534411,510227
534412,510227
534413,510227
534414,510227
534415,510227
534416,510227
534417,510227
534418,510227
534419,510227
534420,510227
534421,510227
534422,510227
534423,510227
534424,510227
534425,510227
534426,510227
534427,510227
534428,510227
534429,510227
534430,510227
534431,510227
534432,510227
534433,510227
534434,510227
534435,510227
534436,510227
534437,510227
534439,510228
534440,510228
534441,510228
534442,510228
534443,510228
534444,510228
534445,510228
534446,510228
534447,510228
534448,510228
534449,510228
534450,510228
534451,510228
534452,510228
534453,510228
534454,510228
534455,510228
534456,510228
534457,510228
534458,510228
534459,510228
534460,510228
534461,510228
534462,510228
534463,510228
534464,510228
534465,510228
534466,510228
534467,510228
534468,510228
534469,510228
534470,510228
534471,510228
534472,510228
534473,510228
534474,510228
534475,510228
534476,510228
534477,510228
534479,510229
534480,510229
534481,510229
534482,510229
534483,510229
534484,510229
534485,510229
534486,510229
534487,510229
534488,510229
534489,510229
534490,510229
534491,510229
534492,510229
534493,510229
534494,510229
534495,510229
534496,510229
534497,510229
534498,510229
534499,510229
534500,510229
534501,510229
534503,510230
534504,510230
534505,510230
534506,510230
534507,510230
534508,510230
534509,510230
534510,510230
534511,510230
534512,510230
534513,510230
534514,510230
534515,510230
534516,510230
534517,510230
534518,510230
534519,510230
534520,510230
534521,510230
534522,510230
534523,510230
534524,510230
534525,510230
534526,510230
534527,510230
534528,510230
534529,510230
534530,510230
534531,510230
534532,510230
534533,510230
534534,510230
534535,510230
534536,510230
534537,510230
534538,510230
534539,510230
534540,510230
534541,510230
534542,510230
534543,510230
534545,510231
534546,510231
534547,510231
534548,510231
534549,510231
534550,510231
534551,510231
534552,510231
534553,510231
534554,510231
534555,510231
534556,510231
534557,510231
534558,510231
534559,510231
534560,510231
534561,510231
534562,510231
534563,510231
534564,510231
534565,510231
534566,510231
534567,510231
534568,510231
534569,510231
534570,510231
534571,510231
534572,510231
534573,510231
534574,510231
534575,510231
534576,510231
534577,510231
534578,510231
534579,510231
534580,510231
534581,510231
534582,510231
534583,510231
534584,510231
534585,510231
534586,510231
534587,510231
534588,510231
534589,510231
534590,510231
534591,510231
534592,510231
534593,510231
534594,510231
534595,510231
534596,510231
534597,510231
534598,510231
534599,510231
534601,510232
534602,510232
534603,510232
534604,510232
534605,510232
534606,510232
534607,510232
534608,510232
534609,510232
534610,510232
534611,510232
534612,510232
534613,510232
534614,510232
534615,510232
534616,510232
534617,510232
534618,510232
534619,510232
534620,510232
534622,510233
534623,510233
534624,510233
534625,510233
534626,510233
534627,510233
534628,510233
534629,510233
534630,510233
534631,510233
534632,510233
534633,510233
534634,510233
534635,510233
534636,510233
534637,510233
534638,510233
534639,510233
534640,510233
534641,510233
534642,510233
534643,510233
534644,510233
534645,510233
534646,510233
534647,510233
534648,510233
534649,510233
534650,510233
534651,510233
534652,510233
534653,510233
534654,510233
534655,510233
534656,510233
534657,510233
534658,510233
534661,510235
534662,510235
534663,510235
534664,510235
534665,510235
534666,510235
534667,510235
534668,510235
534669,510235
534670,510235
534671,510235
534672,510235
534673,510235
534674,510235
534675,510235
534676,510235
534677,510235
534678,510235
534680,510236
534681,510236
534682,510236
534683,510236
534684,510236
534685,510236
534686,510236
534687,510236
534688,510236
534690,510237
534691,510237
534692,510237
534693,510237
534694,510237
534695,510237
534697,510238
534698,510238
534699,510238
534700,510238
534701,510238
534702,510238
534703,510238
534704,510238
534705,510238
534707,510239
534708,510239
534709,510239
534710,510239
534711,510239
534712,510239
534713,510239
534714,510239
534715,510239
534717,510240
534718,510240
534719,510240
534720,510240
534721,510240
534722,510240
534723,510240
534724,510240
534725,510240
534727,510241
534728,510241
534729,510241
534730,510241
534731,510241
534733,510241
534734,510241
534735,510241
534736,510241
534738,510242
534739,510242
534740,510242
534741,510242
534742,510242
534743,510242
534744,510242
534745,510242
534747,510243
534748,510243
534749,510243
534750,510243
534751,510243
534752,510243
534753,510243
534754,510243
534755,510243
534756,510243
534757,510243
534758,510243
534759,510243
534760,510243
534762,510244
534763,510244
534764,510244
534765,510244
534766,510244
534767,510244
534768,510244
534769,510244
534770,510244
534771,510244
534773,510245
534774,510245
534775,510245
534776,510245
534777,510245
534778,510245
534779,510245
534780,510245
534781,510245
534782,510245
534783,510245
534784,510245
534786,510246
534787,510246
534788,510246
534794,520281
534795,520281
534796,520281
534797,520281
534798,520281
534799,520281
534800,520281
534801,520281
534802,520281
534803,520281
534804,520281
534805,520281
534806,520281
534807,520281
534808,520281
534809,520281
534810,520281
534811,520281
534812,520281
534813,520281
534814,520281
534815,520281
534816,520281
534817,520281
534818,520281
534819,520281
534820,520281
534821,520281
534822,520281
534823,520281
534824,520281
534825,520281
534827,520282
534828,520282
534829,520282
534830,520282
534831,520282
534832,520282
534833,520282
534834,520282
534835,520282
534836,520282
534837,520282
534838,520282
534839,520282
534840,520282
534841,520282
534842,520282
534843,520282
534844,520282
534845,520282
534846,520282
534847,520282
534848,520282
534849,520282
534850,520282
534851,520282
534852,520282
534853,520282
534854,520282
534855,520282
534856,520282
534857,520282
534858,520282
534859,520282
534860,520282
534861,520282
534862,520282
534863,520282
534864,520282
534865,520282
534866,520282
534867,520282
534869,520283
534870,520283
534871,520283
534872,520283
534873,520283
534874,520283
534875,520283
534876,520283
534877,520283
534878,520283
534879,520283
534880,520283
534881,520283
534882,520283
534883,520283
534884,520283
534885,520283
534886,520283
534887,520283
534888,520283
534889,520283
534890,520283
534891,520283
534892,520283
534893,520283
534894,520283
534895,520283
534896,520283
534897,520283
534898,520283
534899,520283
534900,520283
534901,520283
534902,520283
534903,520283
534904,520283
534905,520283
534906,520283
534907,520283
534908,520283
534909,520283
534910,520283
534911,520283
534912,520283
534913,520283
534914,520283
534915,520283
534916,520283
534917,520283
534918,520283
534919,520283
534920,520283
534921,520283
534922,520283
534923,520283
534924,520283
534925,520283
534926,520283
534927,520283
534928,520283
534929,520283
534930,520283
534931,520283
534932,520283
534934,520284
534935,520284
534936,520284
534937,520284
534938,520284
534939,520284
534940,520284
534941,520284
534942,520284
534944,520285
534945,520285
534946,520285
534947,520285
534948,520285
534949,520285
534950,520285
534951,520285
534952,520285
534953,520285
534954,520285
534955,520285
534956,520285
534957,520285
534958,520285
534959,520285
534960,520285
534961,520285
534962,520285
534963,520285
534964,520285
534965,520285
534966,520285
534967,520285
534968,520285
534969,520285
534970,520285
534971,520285
534972,520285
534973,520285
534974,520285
534975,520285
534976,520285
534977,520285
534978,520285
534979,520285
534980,520285
534981,520285
534982,520285
534983,520285
534984,520285
534985,520285
534986,520285
534987,520285
534988,520285
534989,520285
534990,520285
534991,520285
534992,520285
534993,520285
534994,520285
534995,520285
534996,520285
534997,520285
534998,520285
534999,520285
535000,520285
535001,520285
535002,520285
535003,520285
535004,520285
535005,520285
535006,520285
535007,520285
535008,520285
535010,510251
535011,510251
535012,510251
535013,510251
535014,510251
535015,510251
535016,510251
535017,510251
535018,510251
535019,510251
535020,510251
535021,510251
535022,510251
535023,510251
535024,510251
535025,510251
535026,510251
535027,510251
535028,510251
535029,510251
535030,510251
535031,510251
535032,510251
535033,510251
535034,510251
535035,510251
535036,510251
535037,510251
535038,510251
535039,510251
535040,510251
535041,510251
535042,510251
535043,510251
535044,510251
535045,510251
535046,510251
535047,510251
535048,510251
535049,510251
535050,510251
535051,510251
535052,510251
535053,510251
535054,510251
535055,510251
535056,510251
535057,510251
535058,510251
535060,510252
535061,510252
535062,510252
535063,510252
535064,510252
535065,510252
535066,510252
535067,510252
535068,510252
535069,510252
535070,510252
535071,510252
535072,510252
535073,510252
535074,510252
535075,510252
535076,510252
535077,510252
535078,510252
535079,510252
535080,510252
535081,510252
535082,510252
535083,510252
535085,510253
535086,510253
535087,510253
535088,510253
535089,510253
535090,510253
535091,510253
535092,510253
535093,510253
535094,510253
535095,510253
535096,510253
535097,510253
535098,510253
535099,510253
535100,510253
535101,510253
535102,510253
535103,510253
535104,510253
535105,510253
535106,510253
535107,510253
535108,510253
535109,510253
535110,510253
535111,510253
535112,510253
535113,510253
535114,510253
535115,510253
535116,510253
535117,510253
535118,510253
535119,510253
535121,510254
535122,510254
535123,510254
535124,510254
535125,510254
535126,510254
535127,510254
535128,510254
535129,510254
535130,510254
535131,510254
535132,510254
535133,510254
535134,510254
535135,510254
535136,510254
535137,510254
535138,510254
535139,510254
535140,510254
535141,510254
535142,510254
535143,510254
535144,510254
535145,510254
535146,510254
535147,510254
535148,510254
535149,510254
535150,510254
535151,510254
535152,510254
535153,510254
535154,510254
535155,510254
535156,510254
535157,510254
535158,510254
535159,510254
535160,510254
535161,510254
535163,510255
535164,510255
535165,510255
535166,510255
535167,510255
535168,510255
535169,510255
535170,510255
535171,510255
535172,510255
535173,510255
535174,510255
535175,510255
535176,510255
535177,510255
535178,510255
535179,510255
535180,510255
535181,510255
535183,510256
535184,510256
535185,510256
535186,510256
535187,510256
535188,510256
535189,510256
535190,510256
535191,510256
535192,510256
535193,510256
535194,510256
535195,510256
535196,510256
535197,510256
535198,510256
535199,510256
535200,510256
535201,510256
535202,510256
535203,510256
535204,510256
535205,510256
535207,510257
535208,510257
535209,510257
535210,510257
535211,510257
535212,510257
535213,510257
535214,510257
535215,510257
535216,510257
535217,510257
535218,510257
535219,510257
535220,510257
535221,510257
535222,510257
535223,510257
535224,510257
535225,510257
535226,510257
535227,510257
535228,510257
535229,510257
535230,510257
535231,510257
535232,510257
535234,510258
535235,510258
535236,510258
535237,510258
535238,510258
535239,510258
535240,510258
535241,510258
535242,510258
535243,510258
535244,510258
535245,510258
535246,510258
535248,510259
535249,510259
535250,510259
535251,510259
535252,510259
535253,510259
535254,510259
535255,510259
535256,510259
535257,510259
535258,510259
535260,510260
535261,510260
535262,510260
535263,510260
535264,510260
535265,510260
535266,510260
535267,510260
535268,510260
535269,510260
535270,510260
535271,510260
535272,510260
535273,510260
535275,510261
535276,510261
535277,510261
535278,510261
535279,510261
535280,510261
535281,510261
535282,510261
535283,510261
535284,510261
535285,510261
535286,510261
535287,510261
535288,510261
535290,510262
535291,510262
535292,510262
535293,510262
535294,510262
535295,510262
535296,510262
535297,510262
535298,510262
535299,510262
535301,510263
535302,510263
535303,510263
535304,510263
535305,510263
535306,510263
535307,510263
535308,510263
535309,510263
535310,510263
535311,510263
535312,510263
535313,510263
535315,510264
535316,510264
535317,510264
535318,510264
535319,510264
535320,510264
535321,510264
535322,510264
535323,510264
535324,510264
535325,510264
535327,510265
535328,510265
535329,510265
535330,510265
535331,510265
535332,510265
535333,510265
535334,510265
535335,510265
535336,510265
535337,510265
535339,510266
535340,510266
535341,510266
535342,510266
535343,510266
535344,510266
535345,510266
535346,510266
535347,510266
535348,510266
535349,510266
535350,510266
535352,510267
535353,510267
535354,510267
535355,510267
535356,510267
535357,510267
535358,510267
535359,510267
535360,510267
535361,510267
535362,510267
535363,510267
535364,510267
535365,510267
535366,510267
535367,510267
535368,510267
535372,510270
535373,510270
535374,510270
535375,510270
535376,510270
535377,510270
535378,510270
535379,510270
535380,510270
535381,510270
535382,510270
535383,510270
535384,510270
535385,510270
535386,510270
535387,510270
535388,510270
535389,510270
535390,510270
535391,510270
535392,510270
535393,510270
535394,510270
535395,510270
535396,510270
535397,510270
535398,510270
535399,510270
535400,510270
535401,510270
535402,510270
535403,510270
535404,510270
535405,510270
535406,510270
535407,510270
535408,510270
535409,510270
535410,510270
535411,510270
535412,510270
535413,510270
535414,510270
535415,510270
535416,510270
535417,510270
535418,510270
535420,510271
535421,510271
535422,510271
535423,510271
535424,510271
535425,510271
535426,510271
535427,510271
535428,510271
535429,510271
535430,510271
535431,510271
535432,510271
535433,510271
535434,510271
535435,510271
535436,510271
535437,510271
535438,510271
535439,510271
535440,510271
535441,510271
535442,510271
535443,510271
535444,510271
535445,510271
535446,510271
535449,510243
535477,520210
535486,510241
